id,type,name,description,source,url,lon,lat
1,renewable,Santa Fe,Holds 15–21% of the country’s land used for soybeans on 5% of its territory; much of the soy is exported to China.,"INDEC, Censo Nacional Agropecuario 2018; Sly (2017)",https://www.indec.gob.ar/ftp/cuadros/economia/cna2018_resultados_definitivos.pdf,-61.0,-31.0
2,renewable,Río Negro and Neuquén,"An irrigated valley that grows over 95% of Argentina’s pears, the start of the value chain behind the “grown in Argentina, packed in Thailand” fruit cup.",Benoit-Celeyrette (2017),https://www.fruitrop.com/en/Articles-by-subject/Full-country-profile/2017/poire,-67.3,-39.3
3,renewable,La Pampa,Vast pasturelands that support intensive cattle ranching.,Crescenzi and Harman (2026),https://doi.org/10.1017/9781009623766,-65.0,-37.0
4,renewable,Mendoza,About 71% of Argentina’s vineyard area and three-quarters of its wine.,Government of Mendoza (2024),https://www.mendoza.gov.ar/prensa/dossier-de-prensa-vendimia-2024-datos-y-cifras-de-la-economia-de-mendoza/,-68.8,-33.6
5,renewable,Tucumán,About 80% of Argentina’s lemons. Argentina is the world’s largest lemon processor.,Fructidor (2019),https://fructidor.com/en/news/news-detail/4858b4b1-68f8-4c59-a608-4bd3e251dfd1,-65.3,-27.0
6,renewable,Misiones and Corrientes,Almost all of Argentina’s yerba mate is grown in these two provinces.,La Nación (2025),https://www.lanacion.com.ar/economia/campo/sorpresa-corrientes-le-gano-a-misiones-en-la-produccion-de-yerba-mate-por-primera-vez-en-la-historia-nid06052025/,-55.3,-27.6
7,renewable,Chubut,The near-shore red shrimp fishery lands 60% of the national catch (2023) and entered Marine Stewardship Council assessment in 2024.,SeafoodSource (2024),https://www.seafoodsource.com/news/environment-sustainability/chubut-s-argentine-red-shrimp-fishery-enters-msc-assessment,-64.6,-43.4
8,renewable,Santa Cruz,Home to the country’s largest national park and an above-average share of protected areas.,Crescenzi and Harman (2026),https://doi.org/10.1017/9781009623766,-71.4,-49.6
9,renewable,Santiago del Estero and Chaco,Dry Chaco forest. These two provinces accounted for over a third of Argentina’s native forest loss in 2022.,"Ministerio de Ambiente, Monitoreo de bosque nativo 2022",https://www.argentina.gob.ar/sites/default/files/2018/04/informe_monitoreo_superficie_bosque_nativo_2022.pdf,-62.2,-27.0
10,non-renewable,"Catamarca, Jujuy and Salta","Lithium brines in the high-altitude salt flats of the Puna, part of South America’s “lithium triangle”.",AS/COA (2021),https://www.as-coa.org/articles/explainer-latin-americas-lithium-triangle,-66.8,-24.4
11,non-renewable,Neuquén (Vaca Muerta),A shale formation supplying about two-thirds of Argentina’s oil (January 2026).,La Nación (2026),https://www.lanacion.com.ar/economia/vaca-muerta-impulsa-un-nuevo-record-petrolero-y-ya-representa-el-68-de-la-produccion-nid24022026/,-69.4,-38.0
